Feldstaerke,Traeger,Objekt,Mode,Farbe_ID,Kategorie_Pigment,Hersteller,Produktname,Artefakt_flaeche_Mean,Artefakt_flaeche_SD
1.5 Tesla,Kunsthaut,Phantom,PD-TSE Dixon,103_Orange,PMU,Swiss Color (Schweiz),103 Orange,0.0,0.0
1.5 Tesla,Kunsthaut,Phantom,PD-TSE Dixon,203 Chocolat Brown,PMU,Swiss Color (Schweiz),203 Chocolat Brown,0.0,0.0
1.5 Tesla,Kunsthaut,Phantom,PD-TSE Dixon,304 Deep Black,PMU,Swiss Color (Schweiz),304 Deep Black,0.0,0.0
1.5 Tesla,Kunsthaut,Phantom,PD-TSE Dixon,Blank,Blank,k.A.,k.A.,0.0,0.0
1.5 Tesla,Kunsthaut,Phantom,PD-TSE Dixon,Contour Pencil Eyeliner Waterproof,Kosmetik,Sephora Collection,12H Contour Pencil Eyeliner Waterproof,0.3303,0.05170367491774643
1.5 Tesla,Kunsthaut,Phantom,PD-TSE Dixon,Dongyun_Tattoo_Ink_green,Tattoo,k.A.,k.A.,0.0,0.0
1.5 Tesla,Kunsthaut,Phantom,PD-TSE Dixon,Dongyun_Tattoo_Ink_red,Tattoo,k.A.,k.A.,0.0,0.0
1.5 Tesla,Kunsthaut,Phantom,PD-TSE Dixon,Dynamic Union Black,Tattoo,Dynamic Color Co. (USA),Dynamic UNB (Union Black),0.0,0.0
1.5 Tesla,Kunsthaut,Phantom,PD-TSE Dixon,Epic Ink Liner Glitz Waterproof,Kosmetik,NYX Professional Makeup,Epic Ink Liner Glitz Waterproof,0.0,0.0
1.5 Tesla,Kunsthaut,Phantom,PD-TSE Dixon,Intenze Gen-Z Lining Red Light,Tattoo,Intenze Products INC. (USA),Intenze Gen-Z Lining Red Light,0.0,0.0
1.5 Tesla,Kunsthaut,Phantom,PD-TSE Dixon,KVM_Blue_Sky,Tattoo,k.A.,k.A.,0.0,0.0
1.5 Tesla,Kunsthaut,Phantom,PD-TSE Dixon,KVM_True_Black,Tattoo,k.A.,k.A.,0.0,0.0
1.5 Tesla,Kunsthaut,Phantom,PD-TSE Dixon,Silberglitzer Lidschatten,Kosmetik,Wolfera Cosmetics (Deutschland),Silberglitzer-Lidschatten (Wolfera Palette),0.0,0.0
1.5 Tesla,Kunsthaut,Phantom,PD-TSE Dixon,The Colossal Go Extreme Waterproof Mascara,Kosmetik,Maybelline New York,The Colossal Go Extreme! Volum’ Waterproof Mascara,1.8542333333333332,0.008108226275415215
1.5 Tesla,Kunsthaut,Phantom,PD-TSE Dixon,The Colossal Waterproof Mascara,Kosmetik,Maybelline New York,The Colossal Waterproof Mascara,0.8188000000000001,0.0
1.5 Tesla,Kunsthaut,Phantom,PD-TSE Dixon,Waterproof Lipliner Rosy Sand,Kosmetik,Flormar Cosmetics (Türkei),Waterproof Lipliner Rosy Sand,0.0,0.0
1.5 Tesla,Kunsthaut,Phantom,SWI,103_Orange,PMU,Swiss Color (Schweiz),103 Orange,0.0,0.0
1.5 Tesla,Kunsthaut,Phantom,SWI,203 Chocolat Brown,PMU,Swiss Color (Schweiz),203 Chocolat Brown,0.0,0.0
1.5 Tesla,Kunsthaut,Phantom,SWI,304 Deep Black,PMU,Swiss Color (Schweiz),304 Deep Black,0.0,0.0
1.5 Tesla,Kunsthaut,Phantom,SWI,Blank,Blank,k.A.,k.A.,0.0,0.0
1.5 Tesla,Kunsthaut,Phantom,SWI,Contour Pencil Eyeliner Waterproof,Kosmetik,Sephora Collection,12H Contour Pencil Eyeliner Waterproof,9.783166666666666,0.03809912509931616
1.5 Tesla,Kunsthaut,Phantom,SWI,Dongyun_Tattoo_Ink_green,Tattoo,k.A.,k.A.,0.0,0.0
1.5 Tesla,Kunsthaut,Phantom,SWI,Dongyun_Tattoo_Ink_red,Tattoo,k.A.,k.A.,0.0,0.0
1.5 Tesla,Kunsthaut,Phantom,SWI,Dynamic Union Black,Tattoo,Dynamic Color Co. (USA),Dynamic UNB (Union Black),0.0,0.0
1.5 Tesla,Kunsthaut,Phantom,SWI,Epic Ink Liner Glitz Waterproof,Kosmetik,NYX Professional Makeup,Epic Ink Liner Glitz Waterproof,0.0,0.0
1.5 Tesla,Kunsthaut,Phantom,SWI,Intenze Gen-Z Lining Red Light,Tattoo,Intenze Products INC. (USA),Intenze Gen-Z Lining Red Light,0.0,0.0
1.5 Tesla,Kunsthaut,Phantom,SWI,KVM_Blue_Sky,Tattoo,k.A.,k.A.,0.0,0.0
1.5 Tesla,Kunsthaut,Phantom,SWI,KVM_True_Black,Tattoo,k.A.,k.A.,0.0,0.0
1.5 Tesla,Kunsthaut,Phantom,SWI,Silberglitzer Lidschatten,Kosmetik,Wolfera Cosmetics (Deutschland),Silberglitzer-Lidschatten (Wolfera Palette),0.0,0.0
1.5 Tesla,Kunsthaut,Phantom,SWI,The Colossal Go Extreme Waterproof Mascara,Kosmetik,Maybelline New York,The Colossal Go Extreme! Volum’ Waterproof Mascara,14.8104,0.026500377355803597
1.5 Tesla,Kunsthaut,Phantom,SWI,The Colossal Waterproof Mascara,Kosmetik,Maybelline New York,The Colossal Waterproof Mascara,2.6133333333333333,0.008082903768654576
1.5 Tesla,Kunsthaut,Phantom,SWI,Waterproof Lipliner Rosy Sand,Kosmetik,Flormar Cosmetics (Türkei),Waterproof Lipliner Rosy Sand,0.0,0.0
1.5 Tesla,Kunsthaut,Phantom,T1-FLD2,103_Orange,PMU,Swiss Color (Schweiz),103 Orange,0.0,0.0
1.5 Tesla,Kunsthaut,Phantom,T1-FLD2,203 Chocolat Brown,PMU,Swiss Color (Schweiz),203 Chocolat Brown,0.0,0.0
1.5 Tesla,Kunsthaut,Phantom,T1-FLD2,304 Deep Black,PMU,Swiss Color (Schweiz),304 Deep Black,0.0,0.0
1.5 Tesla,Kunsthaut,Phantom,T1-FLD2,Blank,Blank,k.A.,k.A.,0.0,0.0
1.5 Tesla,Kunsthaut,Phantom,T1-FLD2,Contour Pencil Eyeliner Waterproof,Kosmetik,Sephora Collection,12H Contour Pencil Eyeliner Waterproof,2.6818333333333335,0.025215934115819186
1.5 Tesla,Kunsthaut,Phantom,T1-FLD2,Dongyun_Tattoo_Ink_green,Tattoo,k.A.,k.A.,0.0,0.0
1.5 Tesla,Kunsthaut,Phantom,T1-FLD2,Dongyun_Tattoo_Ink_red,Tattoo,k.A.,k.A.,0.0,0.0
1.5 Tesla,Kunsthaut,Phantom,T1-FLD2,Dynamic Union Black,Tattoo,Dynamic Color Co. (USA),Dynamic UNB (Union Black),0.0,0.0
1.5 Tesla,Kunsthaut,Phantom,T1-FLD2,Epic Ink Liner Glitz Waterproof,Kosmetik,NYX Professional Makeup,Epic Ink Liner Glitz Waterproof,0.0,0.0
1.5 Tesla,Kunsthaut,Phantom,T1-FLD2,Intenze Gen-Z Lining Red Light,Tattoo,Intenze Products INC. (USA),Intenze Gen-Z Lining Red Light,0.0,0.0
1.5 Tesla,Kunsthaut,Phantom,T1-FLD2,KVM_Blue_Sky,Tattoo,k.A.,k.A.,0.0,0.0
1.5 Tesla,Kunsthaut,Phantom,T1-FLD2,KVM_True_Black,Tattoo,k.A.,k.A.,0.0,0.0
1.5 Tesla,Kunsthaut,Phantom,T1-FLD2,Silberglitzer Lidschatten,Kosmetik,Wolfera Cosmetics (Deutschland),Silberglitzer-Lidschatten (Wolfera Palette),0.0,0.0
1.5 Tesla,Kunsthaut,Phantom,T1-FLD2,The Colossal Go Extreme Waterproof Mascara,Kosmetik,Maybelline New York,The Colossal Go Extreme! Volum’ Waterproof Mascara,3.8533333333333335,0.03102681635832703
1.5 Tesla,Kunsthaut,Phantom,T1-FLD2,The Colossal Waterproof Mascara,Kosmetik,Maybelline New York,The Colossal Waterproof Mascara,2.6029,0.008201829064300118
1.5 Tesla,Kunsthaut,Phantom,T1-FLD2,Waterproof Lipliner Rosy Sand,Kosmetik,Flormar Cosmetics (Türkei),Waterproof Lipliner Rosy Sand,0.0,0.0
1.5 Tesla,Kunsthaut,Phantom,T1-TSE,103_Orange,PMU,Swiss Color (Schweiz),103 Orange,0.0,0.0
1.5 Tesla,Kunsthaut,Phantom,T1-TSE,203 Chocolat Brown,PMU,Swiss Color (Schweiz),203 Chocolat Brown,0.0,0.0
1.5 Tesla,Kunsthaut,Phantom,T1-TSE,304 Deep Black,PMU,Swiss Color (Schweiz),304 Deep Black,0.0,0.0
1.5 Tesla,Kunsthaut,Phantom,T1-TSE,Blank,Blank,k.A.,k.A.,0.0,0.0
1.5 Tesla,Kunsthaut,Phantom,T1-TSE,Contour Pencil Eyeliner Waterproof,Kosmetik,Sephora Collection,12H Contour Pencil Eyeliner Waterproof,1.3777666666666668,0.006975910932153145
1.5 Tesla,Kunsthaut,Phantom,T1-TSE,Dongyun_Tattoo_Ink_green,Tattoo,k.A.,k.A.,0.0,0.0
1.5 Tesla,Kunsthaut,Phantom,T1-TSE,Dongyun_Tattoo_Ink_red,Tattoo,k.A.,k.A.,0.0,0.0
1.5 Tesla,Kunsthaut,Phantom,T1-TSE,Dynamic Union Black,Tattoo,Dynamic Color Co. (USA),Dynamic UNB (Union Black),0.0,0.0
1.5 Tesla,Kunsthaut,Phantom,T1-TSE,Epic Ink Liner Glitz Waterproof,Kosmetik,NYX Professional Makeup,Epic Ink Liner Glitz Waterproof,0.0,0.0
1.5 Tesla,Kunsthaut,Phantom,T1-TSE,Intenze Gen-Z Lining Red Light,Tattoo,Intenze Products INC. (USA),Intenze Gen-Z Lining Red Light,0.0,0.0
1.5 Tesla,Kunsthaut,Phantom,T1-TSE,KVM_Blue_Sky,Tattoo,k.A.,k.A.,0.0,0.0
1.5 Tesla,Kunsthaut,Phantom,T1-TSE,KVM_True_Black,Tattoo,k.A.,k.A.,0.0,0.0
1.5 Tesla,Kunsthaut,Phantom,T1-TSE,Silberglitzer Lidschatten,Kosmetik,Wolfera Cosmetics (Deutschland),Silberglitzer-Lidschatten (Wolfera Palette),0.0,0.0
1.5 Tesla,Kunsthaut,Phantom,T1-TSE,The Colossal Go Extreme Waterproof Mascara,Kosmetik,Maybelline New York,The Colossal Go Extreme! Volum’ Waterproof Mascara,6.146799999999999,0.005542562584220309
1.5 Tesla,Kunsthaut,Phantom,T1-TSE,The Colossal Waterproof Mascara,Kosmetik,Maybelline New York,The Colossal Waterproof Mascara,0.4521,0.005715767664977311
1.5 Tesla,Kunsthaut,Phantom,T1-TSE,Waterproof Lipliner Rosy Sand,Kosmetik,Flormar Cosmetics (Türkei),Waterproof Lipliner Rosy Sand,0.0,0.0
1.5 Tesla,Kunsthaut,Phantom,T1-VIBE,103_Orange,PMU,Swiss Color (Schweiz),103 Orange,0.0,0.0
1.5 Tesla,Kunsthaut,Phantom,T1-VIBE,203 Chocolat Brown,PMU,Swiss Color (Schweiz),203 Chocolat Brown,0.0,0.0
1.5 Tesla,Kunsthaut,Phantom,T1-VIBE,304 Deep Black,PMU,Swiss Color (Schweiz),304 Deep Black,0.0,0.0
1.5 Tesla,Kunsthaut,Phantom,T1-VIBE,Blank,Blank,k.A.,k.A.,0.0,0.0
1.5 Tesla,Kunsthaut,Phantom,T1-VIBE,Contour Pencil Eyeliner Waterproof,Kosmetik,Sephora Collection,12H Contour Pencil Eyeliner Waterproof,1.312,0.001732050807568959
1.5 Tesla,Kunsthaut,Phantom,T1-VIBE,Dongyun_Tattoo_Ink_green,Tattoo,k.A.,k.A.,0.0,0.0
1.5 Tesla,Kunsthaut,Phantom,T1-VIBE,Dongyun_Tattoo_Ink_red,Tattoo,k.A.,k.A.,0.0,0.0
1.5 Tesla,Kunsthaut,Phantom,T1-VIBE,Dynamic Union Black,Tattoo,Dynamic Color Co. (USA),Dynamic UNB (Union Black),0.0,0.0
1.5 Tesla,Kunsthaut,Phantom,T1-VIBE,Epic Ink Liner Glitz Waterproof,Kosmetik,NYX Professional Makeup,Epic Ink Liner Glitz Waterproof,0.0,0.0
1.5 Tesla,Kunsthaut,Phantom,T1-VIBE,Intenze Gen-Z Lining Red Light,Tattoo,Intenze Products INC. (USA),Intenze Gen-Z Lining Red Light,0.0,0.0
1.5 Tesla,Kunsthaut,Phantom,T1-VIBE,KVM_Blue_Sky,Tattoo,k.A.,k.A.,0.0,0.0
1.5 Tesla,Kunsthaut,Phantom,T1-VIBE,KVM_True_Black,Tattoo,k.A.,k.A.,0.0,0.0
1.5 Tesla,Kunsthaut,Phantom,T1-VIBE,Silberglitzer Lidschatten,Kosmetik,Wolfera Cosmetics (Deutschland),Silberglitzer-Lidschatten (Wolfera Palette),0.0,0.0
1.5 Tesla,Kunsthaut,Phantom,T1-VIBE,The Colossal Go Extreme Waterproof Mascara,Kosmetik,Maybelline New York,The Colossal Go Extreme! Volum’ Waterproof Mascara,6.1232,0.02535192300398509
1.5 Tesla,Kunsthaut,Phantom,T1-VIBE,The Colossal Waterproof Mascara,Kosmetik,Maybelline New York,The Colossal Waterproof Mascara,0.47700000000000004,0.0
1.5 Tesla,Kunsthaut,Phantom,T1-VIBE,Waterproof Lipliner Rosy Sand,Kosmetik,Flormar Cosmetics (Türkei),Waterproof Lipliner Rosy Sand,0.0,0.0
1.5 Tesla,Kunsthaut,Phantom,T2-TIRM,103_Orange,PMU,Swiss Color (Schweiz),103 Orange,0.0,0.0
1.5 Tesla,Kunsthaut,Phantom,T2-TIRM,203 Chocolat Brown,PMU,Swiss Color (Schweiz),203 Chocolat Brown,0.0,0.0
1.5 Tesla,Kunsthaut,Phantom,T2-TIRM,304 Deep Black,PMU,Swiss Color (Schweiz),304 Deep Black,0.0,0.0
1.5 Tesla,Kunsthaut,Phantom,T2-TIRM,Blank,Blank,k.A.,k.A.,0.0,0.0
1.5 Tesla,Kunsthaut,Phantom,T2-TIRM,Contour Pencil Eyeliner Waterproof,Kosmetik,Sephora Collection,12H Contour Pencil Eyeliner Waterproof,0.5985999999999999,0.009872689603142644
1.5 Tesla,Kunsthaut,Phantom,T2-TIRM,Dongyun_Tattoo_Ink_green,Tattoo,k.A.,k.A.,0.0,0.0
1.5 Tesla,Kunsthaut,Phantom,T2-TIRM,Dongyun_Tattoo_Ink_red,Tattoo,k.A.,k.A.,0.0,0.0
1.5 Tesla,Kunsthaut,Phantom,T2-TIRM,Dynamic Union Black,Tattoo,Dynamic Color Co. (USA),Dynamic UNB (Union Black),0.0,0.0
1.5 Tesla,Kunsthaut,Phantom,T2-TIRM,Epic Ink Liner Glitz Waterproof,Kosmetik,NYX Professional Makeup,Epic Ink Liner Glitz Waterproof,0.0,0.0
1.5 Tesla,Kunsthaut,Phantom,T2-TIRM,Intenze Gen-Z Lining Red Light,Tattoo,Intenze Products INC. (USA),Intenze Gen-Z Lining Red Light,0.0,0.0
1.5 Tesla,Kunsthaut,Phantom,T2-TIRM,KVM_Blue_Sky,Tattoo,k.A.,k.A.,0.0,0.0
1.5 Tesla,Kunsthaut,Phantom,T2-TIRM,KVM_True_Black,Tattoo,k.A.,k.A.,0.0,0.0
1.5 Tesla,Kunsthaut,Phantom,T2-TIRM,Silberglitzer Lidschatten,Kosmetik,Wolfera Cosmetics (Deutschland),Silberglitzer-Lidschatten (Wolfera Palette),0.0,0.0
1.5 Tesla,Kunsthaut,Phantom,T2-TIRM,The Colossal Go Extreme Waterproof Mascara,Kosmetik,Maybelline New York,The Colossal Go Extreme! Volum’ Waterproof Mascara,2.7495,0.010343597053249887
1.5 Tesla,Kunsthaut,Phantom,T2-TIRM,The Colossal Waterproof Mascara,Kosmetik,Maybelline New York,The Colossal Waterproof Mascara,10.240000000000002,0.0
1.5 Tesla,Kunsthaut,Phantom,T2-TIRM,Waterproof Lipliner Rosy Sand,Kosmetik,Flormar Cosmetics (Türkei),Waterproof Lipliner Rosy Sand,0.0,0.0
1.5 Tesla,Kunsthaut,Phantom,T2-TSE,103_Orange,PMU,Swiss Color (Schweiz),103 Orange,0.0,0.0
1.5 Tesla,Kunsthaut,Phantom,T2-TSE,203 Chocolat Brown,PMU,Swiss Color (Schweiz),203 Chocolat Brown,0.0,0.0
1.5 Tesla,Kunsthaut,Phantom,T2-TSE,304 Deep Black,PMU,Swiss Color (Schweiz),304 Deep Black,0.0,0.0
1.5 Tesla,Kunsthaut,Phantom,T2-TSE,Blank,Blank,k.A.,k.A.,0.0,0.0
1.5 Tesla,Kunsthaut,Phantom,T2-TSE,Contour Pencil Eyeliner Waterproof,Kosmetik,Sephora Collection,12H Contour Pencil Eyeliner Waterproof,3.5519999999999996,0.0103923048454134
1.5 Tesla,Kunsthaut,Phantom,T2-TSE,Dongyun_Tattoo_Ink_green,Tattoo,k.A.,k.A.,0.0,0.0
1.5 Tesla,Kunsthaut,Phantom,T2-TSE,Dongyun_Tattoo_Ink_red,Tattoo,k.A.,k.A.,0.0,0.0
1.5 Tesla,Kunsthaut,Phantom,T2-TSE,Dynamic Union Black,Tattoo,Dynamic Color Co. (USA),Dynamic UNB (Union Black),0.0,0.0
1.5 Tesla,Kunsthaut,Phantom,T2-TSE,Epic Ink Liner Glitz Waterproof,Kosmetik,NYX Professional Makeup,Epic Ink Liner Glitz Waterproof,0.0,0.0
1.5 Tesla,Kunsthaut,Phantom,T2-TSE,Intenze Gen-Z Lining Red Light,Tattoo,Intenze Products INC. (USA),Intenze Gen-Z Lining Red Light,0.0,0.0
1.5 Tesla,Kunsthaut,Phantom,T2-TSE,KVM_Blue_Sky,Tattoo,k.A.,k.A.,0.0,0.0
1.5 Tesla,Kunsthaut,Phantom,T2-TSE,KVM_True_Black,Tattoo,k.A.,k.A.,0.0,0.0
1.5 Tesla,Kunsthaut,Phantom,T2-TSE,Silberglitzer Lidschatten,Kosmetik,Wolfera Cosmetics (Deutschland),Silberglitzer-Lidschatten (Wolfera Palette),0.0,0.0
1.5 Tesla,Kunsthaut,Phantom,T2-TSE,The Colossal Go Extreme Waterproof Mascara,Kosmetik,Maybelline New York,The Colossal Go Extreme! Volum’ Waterproof Mascara,1.7272,0.0
1.5 Tesla,Kunsthaut,Phantom,T2-TSE,The Colossal Waterproof Mascara,Kosmetik,Maybelline New York,The Colossal Waterproof Mascara,0.9682,0.0
1.5 Tesla,Kunsthaut,Phantom,T2-TSE,Waterproof Lipliner Rosy Sand,Kosmetik,Flormar Cosmetics (Türkei),Waterproof Lipliner Rosy Sand,0.0,0.0
1.5 Tesla,Kunsthaut,Proband,PD-TSE Dixon,103_Orange,PMU,Swiss Color (Schweiz),103 Orange,0.0,0.0
1.5 Tesla,Kunsthaut,Proband,PD-TSE Dixon,203 Chocolat Brown,PMU,Swiss Color (Schweiz),203 Chocolat Brown,0.0,0.0
1.5 Tesla,Kunsthaut,Proband,PD-TSE Dixon,304 Deep Black,PMU,Swiss Color (Schweiz),304 Deep Black,0.0,0.0
1.5 Tesla,Kunsthaut,Proband,PD-TSE Dixon,Blank,Blank,k.A.,k.A.,0.0,0.0
1.5 Tesla,Kunsthaut,Proband,PD-TSE Dixon,Contour Pencil Eyeliner Waterproof,Kosmetik,Sephora Collection,12H Contour Pencil Eyeliner Waterproof,0.11699999999999999,0.0
1.5 Tesla,Kunsthaut,Proband,PD-TSE Dixon,Dongyun_Tattoo_Ink_green,Tattoo,k.A.,k.A.,0.0,0.0
1.5 Tesla,Kunsthaut,Proband,PD-TSE Dixon,Dongyun_Tattoo_Ink_red,Tattoo,k.A.,k.A.,0.0,0.0
1.5 Tesla,Kunsthaut,Proband,PD-TSE Dixon,Dynamic Union Black,Tattoo,Dynamic Color Co. (USA),Dynamic UNB (Union Black),0.0,0.0
1.5 Tesla,Kunsthaut,Proband,PD-TSE Dixon,Epic Ink Liner Glitz Waterproof,Kosmetik,NYX Professional Makeup,Epic Ink Liner Glitz Waterproof,0.0,0.0
1.5 Tesla,Kunsthaut,Proband,PD-TSE Dixon,Intenze Gen-Z Lining Red Light,Tattoo,Intenze Products INC. (USA),Intenze Gen-Z Lining Red Light,0.0,0.0
1.5 Tesla,Kunsthaut,Proband,PD-TSE Dixon,KVM_Blue_Sky,Tattoo,k.A.,k.A.,0.0,0.0
1.5 Tesla,Kunsthaut,Proband,PD-TSE Dixon,KVM_True_Black,Tattoo,k.A.,k.A.,0.0,0.0
1.5 Tesla,Kunsthaut,Proband,PD-TSE Dixon,Silberglitzer Lidschatten,Kosmetik,Wolfera Cosmetics (Deutschland),Silberglitzer-Lidschatten (Wolfera Palette),0.0,0.0
1.5 Tesla,Kunsthaut,Proband,PD-TSE Dixon,The Colossal Go Extreme Waterproof Mascara,Kosmetik,Maybelline New York,The Colossal Go Extreme! Volum’ Waterproof Mascara,0.6717499999999998,0.013222896808188434
1.5 Tesla,Kunsthaut,Proband,PD-TSE Dixon,The Colossal Waterproof Mascara,Kosmetik,Maybelline New York,The Colossal Waterproof Mascara,0.2208,0.0
1.5 Tesla,Kunsthaut,Proband,PD-TSE Dixon,Waterproof Lipliner Rosy Sand,Kosmetik,Flormar Cosmetics (Türkei),Waterproof Lipliner Rosy Sand,0.0,0.0
1.5 Tesla,Kunsthaut,Proband,SWI,103_Orange,PMU,Swiss Color (Schweiz),103 Orange,0.0,0.0
1.5 Tesla,Kunsthaut,Proband,SWI,203 Chocolat Brown,PMU,Swiss Color (Schweiz),203 Chocolat Brown,0.0,0.0
1.5 Tesla,Kunsthaut,Proband,SWI,304 Deep Black,PMU,Swiss Color (Schweiz),304 Deep Black,0.0,0.0
1.5 Tesla,Kunsthaut,Proband,SWI,Blank,Blank,k.A.,k.A.,0.0,0.0
1.5 Tesla,Kunsthaut,Proband,SWI,Contour Pencil Eyeliner Waterproof,Kosmetik,Sephora Collection,12H Contour Pencil Eyeliner Waterproof,6.7065,0.01202081528017124
1.5 Tesla,Kunsthaut,Proband,SWI,Dongyun_Tattoo_Ink_green,Tattoo,k.A.,k.A.,0.0,0.0
1.5 Tesla,Kunsthaut,Proband,SWI,Dongyun_Tattoo_Ink_red,Tattoo,k.A.,k.A.,0.0,0.0
1.5 Tesla,Kunsthaut,Proband,SWI,Dynamic Union Black,Tattoo,Dynamic Color Co. (USA),Dynamic UNB (Union Black),0.0,0.0
1.5 Tesla,Kunsthaut,Proband,SWI,Epic Ink Liner Glitz Waterproof,Kosmetik,NYX Professional Makeup,Epic Ink Liner Glitz Waterproof,0.0,0.0
1.5 Tesla,Kunsthaut,Proband,SWI,Intenze Gen-Z Lining Red Light,Tattoo,Intenze Products INC. (USA),Intenze Gen-Z Lining Red Light,0.0,0.0
1.5 Tesla,Kunsthaut,Proband,SWI,KVM_Blue_Sky,Tattoo,k.A.,k.A.,0.0,0.0
1.5 Tesla,Kunsthaut,Proband,SWI,KVM_True_Black,Tattoo,k.A.,k.A.,0.0,0.0
1.5 Tesla,Kunsthaut,Proband,SWI,Silberglitzer Lidschatten,Kosmetik,Wolfera Cosmetics (Deutschland),Silberglitzer-Lidschatten (Wolfera Palette),0.0,0.0
1.5 Tesla,Kunsthaut,Proband,SWI,The Colossal Go Extreme Waterproof Mascara,Kosmetik,Maybelline New York,The Colossal Go Extreme! Volum’ Waterproof Mascara,4.0064,0.0
1.5 Tesla,Kunsthaut,Proband,SWI,The Colossal Waterproof Mascara,Kosmetik,Maybelline New York,The Colossal Waterproof Mascara,1.6133,0.0
1.5 Tesla,Kunsthaut,Proband,SWI,Waterproof Lipliner Rosy Sand,Kosmetik,Flormar Cosmetics (Türkei),Waterproof Lipliner Rosy Sand,0.0,0.0
1.5 Tesla,Kunsthaut,Proband,T1-FLD2,103_Orange,PMU,Swiss Color (Schweiz),103 Orange,0.0,0.0
1.5 Tesla,Kunsthaut,Proband,T1-FLD2,203 Chocolat Brown,PMU,Swiss Color (Schweiz),203 Chocolat Brown,0.0,0.0
1.5 Tesla,Kunsthaut,Proband,T1-FLD2,304 Deep Black,PMU,Swiss Color (Schweiz),304 Deep Black,0.0,0.0
1.5 Tesla,Kunsthaut,Proband,T1-FLD2,Blank,Blank,k.A.,k.A.,0.0,0.0
1.5 Tesla,Kunsthaut,Proband,T1-FLD2,Contour Pencil Eyeliner Waterproof,Kosmetik,Sephora Collection,12H Contour Pencil Eyeliner Waterproof,1.21965,0.009970205614730322
1.5 Tesla,Kunsthaut,Proband,T1-FLD2,Dongyun_Tattoo_Ink_green,Tattoo,k.A.,k.A.,0.0,0.0
1.5 Tesla,Kunsthaut,Proband,T1-FLD2,Dongyun_Tattoo_Ink_red,Tattoo,k.A.,k.A.,0.0,0.0
1.5 Tesla,Kunsthaut,Proband,T1-FLD2,Dynamic Union Black,Tattoo,Dynamic Color Co. (USA),Dynamic UNB (Union Black),0.0,0.0
1.5 Tesla,Kunsthaut,Proband,T1-FLD2,Epic Ink Liner Glitz Waterproof,Kosmetik,NYX Professional Makeup,Epic Ink Liner Glitz Waterproof,0.0,0.0
1.5 Tesla,Kunsthaut,Proband,T1-FLD2,Intenze Gen-Z Lining Red Light,Tattoo,Intenze Products INC. (USA),Intenze Gen-Z Lining Red Light,0.0,0.0
1.5 Tesla,Kunsthaut,Proband,T1-FLD2,KVM_Blue_Sky,Tattoo,k.A.,k.A.,0.0,0.0
1.5 Tesla,Kunsthaut,Proband,T1-FLD2,KVM_True_Black,Tattoo,k.A.,k.A.,0.0,0.0
1.5 Tesla,Kunsthaut,Proband,T1-FLD2,Silberglitzer Lidschatten,Kosmetik,Wolfera Cosmetics (Deutschland),Silberglitzer-Lidschatten (Wolfera Palette),0.0,0.0
1.5 Tesla,Kunsthaut,Proband,T1-FLD2,The Colossal Go Extreme Waterproof Mascara,Kosmetik,Maybelline New York,The Colossal Go Extreme! Volum’ Waterproof Mascara,4.684200000000001,0.010465180361560692
1.5 Tesla,Kunsthaut,Proband,T1-FLD2,The Colossal Waterproof Mascara,Kosmetik,Maybelline New York,The Colossal Waterproof Mascara,1.3114999999999999,0.0
1.5 Tesla,Kunsthaut,Proband,T1-FLD2,Waterproof Lipliner Rosy Sand,Kosmetik,Flormar Cosmetics (Türkei),Waterproof Lipliner Rosy Sand,0.0,0.0
1.5 Tesla,Kunsthaut,Proband,T1-TSE,103_Orange,PMU,Swiss Color (Schweiz),103 Orange,0.0,0.0
1.5 Tesla,Kunsthaut,Proband,T1-TSE,203 Chocolat Brown,PMU,Swiss Color (Schweiz),203 Chocolat Brown,0.0,0.0
1.5 Tesla,Kunsthaut,Proband,T1-TSE,304 Deep Black,PMU,Swiss Color (Schweiz),304 Deep Black,0.0,0.0
1.5 Tesla,Kunsthaut,Proband,T1-TSE,Blank,Blank,k.A.,k.A.,0.0,0.0
1.5 Tesla,Kunsthaut,Proband,T1-TSE,Contour Pencil Eyeliner Waterproof,Kosmetik,Sephora Collection,12H Contour Pencil Eyeliner Waterproof,0.84,0.006788225099390893
1.5 Tesla,Kunsthaut,Proband,T1-TSE,Dongyun_Tattoo_Ink_green,Tattoo,k.A.,k.A.,0.0,0.0
1.5 Tesla,Kunsthaut,Proband,T1-TSE,Dongyun_Tattoo_Ink_red,Tattoo,k.A.,k.A.,0.0,0.0
1.5 Tesla,Kunsthaut,Proband,T1-TSE,Dynamic Union Black,Tattoo,Dynamic Color Co. (USA),Dynamic UNB (Union Black),0.0,0.0
1.5 Tesla,Kunsthaut,Proband,T1-TSE,Epic Ink Liner Glitz Waterproof,Kosmetik,NYX Professional Makeup,Epic Ink Liner Glitz Waterproof,0.0,0.0
1.5 Tesla,Kunsthaut,Proband,T1-TSE,Intenze Gen-Z Lining Red Light,Tattoo,Intenze Products INC. (USA),Intenze Gen-Z Lining Red Light,0.0,0.0
1.5 Tesla,Kunsthaut,Proband,T1-TSE,KVM_Blue_Sky,Tattoo,k.A.,k.A.,0.0,0.0
1.5 Tesla,Kunsthaut,Proband,T1-TSE,KVM_True_Black,Tattoo,k.A.,k.A.,0.0,0.0
1.5 Tesla,Kunsthaut,Proband,T1-TSE,Silberglitzer Lidschatten,Kosmetik,Wolfera Cosmetics (Deutschland),Silberglitzer-Lidschatten (Wolfera Palette),0.0,0.0
1.5 Tesla,Kunsthaut,Proband,T1-TSE,The Colossal Go Extreme Waterproof Mascara,Kosmetik,Maybelline New York,The Colossal Go Extreme! Volum’ Waterproof Mascara,0.81135,0.016758430714121097
1.5 Tesla,Kunsthaut,Proband,T1-TSE,The Colossal Waterproof Mascara,Kosmetik,Maybelline New York,The Colossal Waterproof Mascara,0.6689999999999999,0.0
1.5 Tesla,Kunsthaut,Proband,T1-TSE,Waterproof Lipliner Rosy Sand,Kosmetik,Flormar Cosmetics (Türkei),Waterproof Lipliner Rosy Sand,0.0,0.0
1.5 Tesla,Kunsthaut,Proband,T1-VIBE,103_Orange,PMU,Swiss Color (Schweiz),103 Orange,0.0,0.0
1.5 Tesla,Kunsthaut,Proband,T1-VIBE,203 Chocolat Brown,PMU,Swiss Color (Schweiz),203 Chocolat Brown,0.0,0.0
1.5 Tesla,Kunsthaut,Proband,T1-VIBE,304 Deep Black,PMU,Swiss Color (Schweiz),304 Deep Black,0.0,0.0
1.5 Tesla,Kunsthaut,Proband,T1-VIBE,Blank,Blank,k.A.,k.A.,0.0,0.0
1.5 Tesla,Kunsthaut,Proband,T1-VIBE,Contour Pencil Eyeliner Waterproof,Kosmetik,Sephora Collection,12H Contour Pencil Eyeliner Waterproof,0.6557,0.0
1.5 Tesla,Kunsthaut,Proband,T1-VIBE,Dongyun_Tattoo_Ink_green,Tattoo,k.A.,k.A.,0.0,0.0
1.5 Tesla,Kunsthaut,Proband,T1-VIBE,Dongyun_Tattoo_Ink_red,Tattoo,k.A.,k.A.,0.0,0.0
1.5 Tesla,Kunsthaut,Proband,T1-VIBE,Dynamic Union Black,Tattoo,Dynamic Color Co. (USA),Dynamic UNB (Union Black),0.0,0.0
1.5 Tesla,Kunsthaut,Proband,T1-VIBE,Epic Ink Liner Glitz Waterproof,Kosmetik,NYX Professional Makeup,Epic Ink Liner Glitz Waterproof,0.0,0.0
1.5 Tesla,Kunsthaut,Proband,T1-VIBE,Intenze Gen-Z Lining Red Light,Tattoo,Intenze Products INC. (USA),Intenze Gen-Z Lining Red Light,0.0,0.0
1.5 Tesla,Kunsthaut,Proband,T1-VIBE,KVM_Blue_Sky,Tattoo,k.A.,k.A.,0.0,0.0
1.5 Tesla,Kunsthaut,Proband,T1-VIBE,KVM_True_Black,Tattoo,k.A.,k.A.,0.0,0.0
1.5 Tesla,Kunsthaut,Proband,T1-VIBE,Silberglitzer Lidschatten,Kosmetik,Wolfera Cosmetics (Deutschland),Silberglitzer-Lidschatten (Wolfera Palette),0.0,0.0
1.5 Tesla,Kunsthaut,Proband,T1-VIBE,The Colossal Go Extreme Waterproof Mascara,Kosmetik,Maybelline New York,The Colossal Go Extreme! Volum’ Waterproof Mascara,1.3770000000000002,0.012727922061357946
1.5 Tesla,Kunsthaut,Proband,T1-VIBE,The Colossal Waterproof Mascara,Kosmetik,Maybelline New York,The Colossal Waterproof Mascara,0.16799999999999998,0.0
1.5 Tesla,Kunsthaut,Proband,T1-VIBE,Waterproof Lipliner Rosy Sand,Kosmetik,Flormar Cosmetics (Türkei),Waterproof Lipliner Rosy Sand,0.0,0.0
1.5 Tesla,Kunsthaut,Proband,T2-TIRM,103_Orange,PMU,Swiss Color (Schweiz),103 Orange,0.0,0.0
1.5 Tesla,Kunsthaut,Proband,T2-TIRM,203 Chocolat Brown,PMU,Swiss Color (Schweiz),203 Chocolat Brown,0.0,0.0
1.5 Tesla,Kunsthaut,Proband,T2-TIRM,304 Deep Black,PMU,Swiss Color (Schweiz),304 Deep Black,0.0,0.0
1.5 Tesla,Kunsthaut,Proband,T2-TIRM,Blank,Blank,k.A.,k.A.,0.0,0.0
1.5 Tesla,Kunsthaut,Proband,T2-TIRM,Contour Pencil Eyeliner Waterproof,Kosmetik,Sephora Collection,12H Contour Pencil Eyeliner Waterproof,0.41100000000000003,0.004242640687119269
1.5 Tesla,Kunsthaut,Proband,T2-TIRM,Dongyun_Tattoo_Ink_green,Tattoo,k.A.,k.A.,0.0,0.0
1.5 Tesla,Kunsthaut,Proband,T2-TIRM,Dongyun_Tattoo_Ink_red,Tattoo,k.A.,k.A.,0.0,0.0
1.5 Tesla,Kunsthaut,Proband,T2-TIRM,Dynamic Union Black,Tattoo,Dynamic Color Co. (USA),Dynamic UNB (Union Black),0.0,0.0
1.5 Tesla,Kunsthaut,Proband,T2-TIRM,Epic Ink Liner Glitz Waterproof,Kosmetik,NYX Professional Makeup,Epic Ink Liner Glitz Waterproof,0.0,0.0
1.5 Tesla,Kunsthaut,Proband,T2-TIRM,Intenze Gen-Z Lining Red Light,Tattoo,Intenze Products INC. (USA),Intenze Gen-Z Lining Red Light,0.0,0.0
1.5 Tesla,Kunsthaut,Proband,T2-TIRM,KVM_Blue_Sky,Tattoo,k.A.,k.A.,0.0,0.0
1.5 Tesla,Kunsthaut,Proband,T2-TIRM,KVM_True_Black,Tattoo,k.A.,k.A.,0.0,0.0
1.5 Tesla,Kunsthaut,Proband,T2-TIRM,Silberglitzer Lidschatten,Kosmetik,Wolfera Cosmetics (Deutschland),Silberglitzer-Lidschatten (Wolfera Palette),0.0,0.0
1.5 Tesla,Kunsthaut,Proband,T2-TIRM,The Colossal Go Extreme Waterproof Mascara,Kosmetik,Maybelline New York,The Colossal Go Extreme! Volum’ Waterproof Mascara,0.6783,0.0026870057685088986
1.5 Tesla,Kunsthaut,Proband,T2-TIRM,The Colossal Waterproof Mascara,Kosmetik,Maybelline New York,The Colossal Waterproof Mascara,0.31125,0.0017677669529663508
1.5 Tesla,Kunsthaut,Proband,T2-TIRM,Waterproof Lipliner Rosy Sand,Kosmetik,Flormar Cosmetics (Türkei),Waterproof Lipliner Rosy Sand,0.0,0.0
1.5 Tesla,Kunsthaut,Proband,T2-TSE,103_Orange,PMU,Swiss Color (Schweiz),103 Orange,0.0,0.0
1.5 Tesla,Kunsthaut,Proband,T2-TSE,203 Chocolat Brown,PMU,Swiss Color (Schweiz),203 Chocolat Brown,0.0,0.0
1.5 Tesla,Kunsthaut,Proband,T2-TSE,304 Deep Black,PMU,Swiss Color (Schweiz),304 Deep Black,0.0,0.0
1.5 Tesla,Kunsthaut,Proband,T2-TSE,Blank,Blank,k.A.,k.A.,0.0,0.0
1.5 Tesla,Kunsthaut,Proband,T2-TSE,Contour Pencil Eyeliner Waterproof,Kosmetik,Sephora Collection,12H Contour Pencil Eyeliner Waterproof,0.2555,0.0
1.5 Tesla,Kunsthaut,Proband,T2-TSE,Dongyun_Tattoo_Ink_green,Tattoo,k.A.,k.A.,0.0,0.0
1.5 Tesla,Kunsthaut,Proband,T2-TSE,Dongyun_Tattoo_Ink_red,Tattoo,k.A.,k.A.,0.0,0.0
1.5 Tesla,Kunsthaut,Proband,T2-TSE,Dynamic Union Black,Tattoo,Dynamic Color Co. (USA),Dynamic UNB (Union Black),0.0,0.0
1.5 Tesla,Kunsthaut,Proband,T2-TSE,Epic Ink Liner Glitz Waterproof,Kosmetik,NYX Professional Makeup,Epic Ink Liner Glitz Waterproof,0.0,0.0
1.5 Tesla,Kunsthaut,Proband,T2-TSE,Intenze Gen-Z Lining Red Light,Tattoo,Intenze Products INC. (USA),Intenze Gen-Z Lining Red Light,0.0,0.0
1.5 Tesla,Kunsthaut,Proband,T2-TSE,KVM_Blue_Sky,Tattoo,k.A.,k.A.,0.0,0.0
1.5 Tesla,Kunsthaut,Proband,T2-TSE,KVM_True_Black,Tattoo,k.A.,k.A.,0.0,0.0
1.5 Tesla,Kunsthaut,Proband,T2-TSE,Silberglitzer Lidschatten,Kosmetik,Wolfera Cosmetics (Deutschland),Silberglitzer-Lidschatten (Wolfera Palette),0.0,0.0
1.5 Tesla,Kunsthaut,Proband,T2-TSE,The Colossal Go Extreme Waterproof Mascara,Kosmetik,Maybelline New York,The Colossal Go Extreme! Volum’ Waterproof Mascara,0.8568,0.0033941125496954076
1.5 Tesla,Kunsthaut,Proband,T2-TSE,The Colossal Waterproof Mascara,Kosmetik,Maybelline New York,The Colossal Waterproof Mascara,0.25739999999999996,0.0
1.5 Tesla,Kunsthaut,Proband,T2-TSE,Waterproof Lipliner Rosy Sand,Kosmetik,Flormar Cosmetics (Türkei),Waterproof Lipliner Rosy Sand,0.0,0.0
1.5 Tesla,Wimpern,Phantom,PD-TSE Dixon,The Colossal Go Extreme Waterproof Mascara,Kosmetik,Maybelline New York,The Colossal Go Extreme! Volum’ Waterproof Mascara,1.3029,0.0
1.5 Tesla,Wimpern,Phantom,PD-TSE Dixon,The Colossal Waterproof Mascara,Kosmetik,Maybelline New York,The Colossal Waterproof Mascara,1.4613333333333334,0.007909698687897882
1.5 Tesla,Wimpern,Phantom,SWI,The Colossal Go Extreme Waterproof Mascara,Kosmetik,Maybelline New York,The Colossal Go Extreme! Volum’ Waterproof Mascara,10.538666666666666,0.0219393102292049
1.5 Tesla,Wimpern,Phantom,SWI,The Colossal Waterproof Mascara,Kosmetik,Maybelline New York,The Colossal Waterproof Mascara,7.8538,0.051615114065553136
1.5 Tesla,Wimpern,Phantom,T1-FLD2,The Colossal Go Extreme Waterproof Mascara,Kosmetik,Maybelline New York,The Colossal Go Extreme! Volum’ Waterproof Mascara,2.3203666666666667,0.008717989064763254
1.5 Tesla,Wimpern,Phantom,T1-FLD2,The Colossal Waterproof Mascara,Kosmetik,Maybelline New York,The Colossal Waterproof Mascara,2.1652666666666667,0.0011547005383791243
1.5 Tesla,Wimpern,Phantom,T1-TSE,The Colossal Go Extreme Waterproof Mascara,Kosmetik,Maybelline New York,The Colossal Go Extreme! Volum’ Waterproof Mascara,3.3156,0.021131019852340283
1.5 Tesla,Wimpern,Phantom,T1-TSE,The Colossal Waterproof Mascara,Kosmetik,Maybelline New York,The Colossal Waterproof Mascara,1.3860000000000001,0.0
1.5 Tesla,Wimpern,Phantom,T1-VIBE,The Colossal Go Extreme Waterproof Mascara,Kosmetik,Maybelline New York,The Colossal Go Extreme! Volum’ Waterproof Mascara,3.317733333333333,0.02211274142510004
1.5 Tesla,Wimpern,Phantom,T1-VIBE,The Colossal Waterproof Mascara,Kosmetik,Maybelline New York,The Colossal Waterproof Mascara,1.409166666666667,0.011908960212097943
1.5 Tesla,Wimpern,Phantom,T2-TIRM,The Colossal Go Extreme Waterproof Mascara,Kosmetik,Maybelline New York,The Colossal Go Extreme! Volum’ Waterproof Mascara,1.0429,0.010530432089900281
1.5 Tesla,Wimpern,Phantom,T2-TIRM,The Colossal Waterproof Mascara,Kosmetik,Maybelline New York,The Colossal Waterproof Mascara,1.3516000000000001,0.0
1.5 Tesla,Wimpern,Phantom,T2-TSE,The Colossal Go Extreme Waterproof Mascara,Kosmetik,Maybelline New York,The Colossal Go Extreme! Volum’ Waterproof Mascara,1.0847333333333335,0.00611991285341
1.5 Tesla,Wimpern,Phantom,T2-TSE,The Colossal Waterproof Mascara,Kosmetik,Maybelline New York,The Colossal Waterproof Mascara,1.7207333333333334,0.006119912853409856
1.5 Tesla,Wimpern,Proband,PD-TSE Dixon,The Colossal Go Extreme Waterproof Mascara,Kosmetik,Maybelline New York,The Colossal Go Extreme! Volum’ Waterproof Mascara,0.7565999999999999,0.003676955262170074
1.5 Tesla,Wimpern,Proband,PD-TSE Dixon,The Colossal Waterproof Mascara,Kosmetik,Maybelline New York,The Colossal Waterproof Mascara,0.097,0.0
1.5 Tesla,Wimpern,Proband,SWI,The Colossal Go Extreme Waterproof Mascara,Kosmetik,Maybelline New York,The Colossal Go Extreme! Volum’ Waterproof Mascara,2.0815,0.01626345596729053
1.5 Tesla,Wimpern,Proband,SWI,The Colossal Waterproof Mascara,Kosmetik,Maybelline New York,The Colossal Waterproof Mascara,1.39545,0.0044547727214752295
1.5 Tesla,Wimpern,Proband,T1-FLD2,The Colossal Go Extreme Waterproof Mascara,Kosmetik,Maybelline New York,The Colossal Go Extreme! Volum’ Waterproof Mascara,1.1178,0.0
1.5 Tesla,Wimpern,Proband,T1-FLD2,The Colossal Waterproof Mascara,Kosmetik,Maybelline New York,The Colossal Waterproof Mascara,0.90405,0.003464823227814015
1.5 Tesla,Wimpern,Proband,T1-TSE,The Colossal Go Extreme Waterproof Mascara,Kosmetik,Maybelline New York,The Colossal Go Extreme! Volum’ Waterproof Mascara,0.481,0.0
1.5 Tesla,Wimpern,Proband,T1-TSE,The Colossal Waterproof Mascara,Kosmetik,Maybelline New York,The Colossal Waterproof Mascara,0.47475,0.0031819805153394864
1.5 Tesla,Wimpern,Proband,T1-VIBE,The Colossal Go Extreme Waterproof Mascara,Kosmetik,Maybelline New York,The Colossal Go Extreme! Volum’ Waterproof Mascara,0.62045,0.004313351365237936
1.5 Tesla,Wimpern,Proband,T1-VIBE,The Colossal Waterproof Mascara,Kosmetik,Maybelline New York,The Colossal Waterproof Mascara,0.3201,0.0
1.5 Tesla,Wimpern,Proband,T2-TIRM,The Colossal Go Extreme Waterproof Mascara,Kosmetik,Maybelline New York,The Colossal Go Extreme! Volum’ Waterproof Mascara,0.68635,0.0037476659402886424
1.5 Tesla,Wimpern,Proband,T2-TIRM,The Colossal Waterproof Mascara,Kosmetik,Maybelline New York,The Colossal Waterproof Mascara,0.2349,0.0
1.5 Tesla,Wimpern,Proband,T2-TSE,The Colossal Go Extreme Waterproof Mascara,Kosmetik,Maybelline New York,The Colossal Go Extreme! Volum’ Waterproof Mascara,0.8732,0.0
1.5 Tesla,Wimpern,Proband,T2-TSE,The Colossal Waterproof Mascara,Kosmetik,Maybelline New York,The Colossal Waterproof Mascara,0.07560000000000001,0.0
3.0 Tesla,Kunsthaut,Phantom,PD-TSE Dixon,103_Orange,PMU,Swiss Color (Schweiz),103 Orange,0.0,0.0
3.0 Tesla,Kunsthaut,Phantom,PD-TSE Dixon,203 Chocolat Brown,PMU,Swiss Color (Schweiz),203 Chocolat Brown,0.0,0.0
3.0 Tesla,Kunsthaut,Phantom,PD-TSE Dixon,304 Deep Black,PMU,Swiss Color (Schweiz),304 Deep Black,0.0,0.0
3.0 Tesla,Kunsthaut,Phantom,PD-TSE Dixon,Blank,Blank,k.A.,k.A.,0.0,0.0
3.0 Tesla,Kunsthaut,Phantom,PD-TSE Dixon,Contour Pencil Eyeliner Waterproof,Kosmetik,Sephora Collection,12H Contour Pencil Eyeliner Waterproof,0.6882,0.0
3.0 Tesla,Kunsthaut,Phantom,PD-TSE Dixon,Dongyun_Tattoo_Ink_green,Tattoo,k.A.,k.A.,0.0,0.0
3.0 Tesla,Kunsthaut,Phantom,PD-TSE Dixon,Dongyun_Tattoo_Ink_red,Tattoo,k.A.,k.A.,0.0,0.0
3.0 Tesla,Kunsthaut,Phantom,PD-TSE Dixon,Dynamic Union Black,Tattoo,Dynamic Color Co. (USA),Dynamic UNB (Union Black),0.0,0.0
3.0 Tesla,Kunsthaut,Phantom,PD-TSE Dixon,Epic Ink Liner Glitz Waterproof,Kosmetik,NYX Professional Makeup,Epic Ink Liner Glitz Waterproof,0.0,0.0
3.0 Tesla,Kunsthaut,Phantom,PD-TSE Dixon,Intenze Gen-Z Lining Red Light,Tattoo,Intenze Products INC. (USA),Intenze Gen-Z Lining Red Light,0.0,0.0
3.0 Tesla,Kunsthaut,Phantom,PD-TSE Dixon,KVM_Blue_Sky,Tattoo,k.A.,k.A.,0.0,0.0
3.0 Tesla,Kunsthaut,Phantom,PD-TSE Dixon,KVM_True_Black,Tattoo,k.A.,k.A.,0.0,0.0
3.0 Tesla,Kunsthaut,Phantom,PD-TSE Dixon,Silberglitzer Lidschatten,Kosmetik,Wolfera Cosmetics (Deutschland),Silberglitzer-Lidschatten (Wolfera Palette),0.0,0.0
3.0 Tesla,Kunsthaut,Phantom,PD-TSE Dixon,The Colossal Go Extreme Waterproof Mascara,Kosmetik,Maybelline New York,The Colossal Go Extreme! Volum’ Waterproof Mascara,4.164533333333333,0.010623244953089354
3.0 Tesla,Kunsthaut,Phantom,PD-TSE Dixon,The Colossal Waterproof Mascara,Kosmetik,Maybelline New York,The Colossal Waterproof Mascara,0.6318,0.0
3.0 Tesla,Kunsthaut,Phantom,PD-TSE Dixon,Waterproof Lipliner Rosy Sand,Kosmetik,Flormar Cosmetics (Türkei),Waterproof Lipliner Rosy Sand,0.0,0.0
3.0 Tesla,Kunsthaut,Phantom,SWI,103_Orange,PMU,Swiss Color (Schweiz),103 Orange,0.0,0.0
3.0 Tesla,Kunsthaut,Phantom,SWI,203 Chocolat Brown,PMU,Swiss Color (Schweiz),203 Chocolat Brown,0.0,0.0
3.0 Tesla,Kunsthaut,Phantom,SWI,304 Deep Black,PMU,Swiss Color (Schweiz),304 Deep Black,0.0,0.0
3.0 Tesla,Kunsthaut,Phantom,SWI,Blank,Blank,k.A.,k.A.,0.0,0.0
3.0 Tesla,Kunsthaut,Phantom,SWI,Contour Pencil Eyeliner Waterproof,Kosmetik,Sephora Collection,12H Contour Pencil Eyeliner Waterproof,7.4751,0.016655029270463393
3.0 Tesla,Kunsthaut,Phantom,SWI,Dongyun_Tattoo_Ink_green,Tattoo,k.A.,k.A.,0.0,0.0
3.0 Tesla,Kunsthaut,Phantom,SWI,Dongyun_Tattoo_Ink_red,Tattoo,k.A.,k.A.,0.0,0.0
3.0 Tesla,Kunsthaut,Phantom,SWI,Dynamic Union Black,Tattoo,Dynamic Color Co. (USA),Dynamic UNB (Union Black),0.0,0.0
3.0 Tesla,Kunsthaut,Phantom,SWI,Epic Ink Liner Glitz Waterproof,Kosmetik,NYX Professional Makeup,Epic Ink Liner Glitz Waterproof,0.0,0.0
3.0 Tesla,Kunsthaut,Phantom,SWI,Intenze Gen-Z Lining Red Light,Tattoo,Intenze Products INC. (USA),Intenze Gen-Z Lining Red Light,0.0,0.0
3.0 Tesla,Kunsthaut,Phantom,SWI,KVM_Blue_Sky,Tattoo,k.A.,k.A.,0.0,0.0
3.0 Tesla,Kunsthaut,Phantom,SWI,KVM_True_Black,Tattoo,k.A.,k.A.,0.0,0.0
3.0 Tesla,Kunsthaut,Phantom,SWI,Silberglitzer Lidschatten,Kosmetik,Wolfera Cosmetics (Deutschland),Silberglitzer-Lidschatten (Wolfera Palette),0.0,0.0
3.0 Tesla,Kunsthaut,Phantom,SWI,The Colossal Go Extreme Waterproof Mascara,Kosmetik,Maybelline New York,The Colossal Go Extreme! Volum’ Waterproof Mascara,13.845799999999999,0.01853294364098815
3.0 Tesla,Kunsthaut,Phantom,SWI,The Colossal Waterproof Mascara,Kosmetik,Maybelline New York,The Colossal Waterproof Mascara,4.0391,0.012231516668017979
3.0 Tesla,Kunsthaut,Phantom,SWI,Waterproof Lipliner Rosy Sand,Kosmetik,Flormar Cosmetics (Türkei),Waterproof Lipliner Rosy Sand,0.0,0.0
3.0 Tesla,Kunsthaut,Phantom,T1-FLD2,103_Orange,PMU,Swiss Color (Schweiz),103 Orange,0.0,0.0
3.0 Tesla,Kunsthaut,Phantom,T1-FLD2,203 Chocolat Brown,PMU,Swiss Color (Schweiz),203 Chocolat Brown,0.0,0.0
3.0 Tesla,Kunsthaut,Phantom,T1-FLD2,304 Deep Black,PMU,Swiss Color (Schweiz),304 Deep Black,0.0,0.0
3.0 Tesla,Kunsthaut,Phantom,T1-FLD2,Blank,Blank,k.A.,k.A.,0.0,0.0
3.0 Tesla,Kunsthaut,Phantom,T1-FLD2,Contour Pencil Eyeliner Waterproof,Kosmetik,Sephora Collection,12H Contour Pencil Eyeliner Waterproof,1.6172000000000002,0.009006664199358163
3.0 Tesla,Kunsthaut,Phantom,T1-FLD2,Dongyun_Tattoo_Ink_green,Tattoo,k.A.,k.A.,0.0,0.0
3.0 Tesla,Kunsthaut,Phantom,T1-FLD2,Dongyun_Tattoo_Ink_red,Tattoo,k.A.,k.A.,0.0,0.0
3.0 Tesla,Kunsthaut,Phantom,T1-FLD2,Dynamic Union Black,Tattoo,Dynamic Color Co. (USA),Dynamic UNB (Union Black),0.0,0.0
3.0 Tesla,Kunsthaut,Phantom,T1-FLD2,Epic Ink Liner Glitz Waterproof,Kosmetik,NYX Professional Makeup,Epic Ink Liner Glitz Waterproof,0.0,0.0
3.0 Tesla,Kunsthaut,Phantom,T1-FLD2,Intenze Gen-Z Lining Red Light,Tattoo,Intenze Products INC. (USA),Intenze Gen-Z Lining Red Light,0.0,0.0
3.0 Tesla,Kunsthaut,Phantom,T1-FLD2,KVM_Blue_Sky,Tattoo,k.A.,k.A.,0.0,0.0
3.0 Tesla,Kunsthaut,Phantom,T1-FLD2,KVM_True_Black,Tattoo,k.A.,k.A.,0.0,0.0
3.0 Tesla,Kunsthaut,Phantom,T1-FLD2,Silberglitzer Lidschatten,Kosmetik,Wolfera Cosmetics (Deutschland),Silberglitzer-Lidschatten (Wolfera Palette),0.0,0.0
3.0 Tesla,Kunsthaut,Phantom,T1-FLD2,The Colossal Go Extreme Waterproof Mascara,Kosmetik,Maybelline New York,The Colossal Go Extreme! Volum’ Waterproof Mascara,3.4941666666666666,0.010103629710818492
3.0 Tesla,Kunsthaut,Phantom,T1-FLD2,The Colossal Waterproof Mascara,Kosmetik,Maybelline New York,The Colossal Waterproof Mascara,0.4522666666666666,0.0036950417228136146
3.0 Tesla,Kunsthaut,Phantom,T1-FLD2,Waterproof Lipliner Rosy Sand,Kosmetik,Flormar Cosmetics (Türkei),Waterproof Lipliner Rosy Sand,0.0,0.0
3.0 Tesla,Kunsthaut,Phantom,T1-TSE,103_Orange,PMU,Swiss Color (Schweiz),103 Orange,0.0,0.0
3.0 Tesla,Kunsthaut,Phantom,T1-TSE,203 Chocolat Brown,PMU,Swiss Color (Schweiz),203 Chocolat Brown,0.0,0.0
3.0 Tesla,Kunsthaut,Phantom,T1-TSE,304 Deep Black,PMU,Swiss Color (Schweiz),304 Deep Black,0.0,0.0
3.0 Tesla,Kunsthaut,Phantom,T1-TSE,Blank,Blank,k.A.,k.A.,0.0,0.0
3.0 Tesla,Kunsthaut,Phantom,T1-TSE,Contour Pencil Eyeliner Waterproof,Kosmetik,Sephora Collection,12H Contour Pencil Eyeliner Waterproof,0.71,0.0
3.0 Tesla,Kunsthaut,Phantom,T1-TSE,Dongyun_Tattoo_Ink_green,Tattoo,k.A.,k.A.,0.0,0.0
3.0 Tesla,Kunsthaut,Phantom,T1-TSE,Dongyun_Tattoo_Ink_red,Tattoo,k.A.,k.A.,0.0,0.0
3.0 Tesla,Kunsthaut,Phantom,T1-TSE,Dynamic Union Black,Tattoo,Dynamic Color Co. (USA),Dynamic UNB (Union Black),0.0,0.0
3.0 Tesla,Kunsthaut,Phantom,T1-TSE,Epic Ink Liner Glitz Waterproof,Kosmetik,NYX Professional Makeup,Epic Ink Liner Glitz Waterproof,0.0,0.0
3.0 Tesla,Kunsthaut,Phantom,T1-TSE,Intenze Gen-Z Lining Red Light,Tattoo,Intenze Products INC. (USA),Intenze Gen-Z Lining Red Light,0.0,0.0
3.0 Tesla,Kunsthaut,Phantom,T1-TSE,KVM_Blue_Sky,Tattoo,k.A.,k.A.,0.0,0.0
3.0 Tesla,Kunsthaut,Phantom,T1-TSE,KVM_True_Black,Tattoo,k.A.,k.A.,0.0,0.0
3.0 Tesla,Kunsthaut,Phantom,T1-TSE,Silberglitzer Lidschatten,Kosmetik,Wolfera Cosmetics (Deutschland),Silberglitzer-Lidschatten (Wolfera Palette),0.0,0.0
3.0 Tesla,Kunsthaut,Phantom,T1-TSE,The Colossal Go Extreme Waterproof Mascara,Kosmetik,Maybelline New York,The Colossal Go Extreme! Volum’ Waterproof Mascara,3.5095000000000005,0.09201516179413015
3.0 Tesla,Kunsthaut,Phantom,T1-TSE,The Colossal Waterproof Mascara,Kosmetik,Maybelline New York,The Colossal Waterproof Mascara,0.6785999999999999,0.0
3.0 Tesla,Kunsthaut,Phantom,T1-TSE,Waterproof Lipliner Rosy Sand,Kosmetik,Flormar Cosmetics (Türkei),Waterproof Lipliner Rosy Sand,0.0,0.0
3.0 Tesla,Kunsthaut,Phantom,T1-VIBE,103_Orange,PMU,Swiss Color (Schweiz),103 Orange,0.0,0.0
3.0 Tesla,Kunsthaut,Phantom,T1-VIBE,203 Chocolat Brown,PMU,Swiss Color (Schweiz),203 Chocolat Brown,0.0,0.0
3.0 Tesla,Kunsthaut,Phantom,T1-VIBE,304 Deep Black,PMU,Swiss Color (Schweiz),304 Deep Black,0.0,0.0
3.0 Tesla,Kunsthaut,Phantom,T1-VIBE,Blank,Blank,k.A.,k.A.,0.0,0.0
3.0 Tesla,Kunsthaut,Phantom,T1-VIBE,Contour Pencil Eyeliner Waterproof,Kosmetik,Sephora Collection,12H Contour Pencil Eyeliner Waterproof,0.9514,0.0
3.0 Tesla,Kunsthaut,Phantom,T1-VIBE,Dongyun_Tattoo_Ink_green,Tattoo,k.A.,k.A.,0.0,0.0
3.0 Tesla,Kunsthaut,Phantom,T1-VIBE,Dongyun_Tattoo_Ink_red,Tattoo,k.A.,k.A.,0.0,0.0
3.0 Tesla,Kunsthaut,Phantom,T1-VIBE,Dynamic Union Black,Tattoo,Dynamic Color Co. (USA),Dynamic UNB (Union Black),0.0,0.0
3.0 Tesla,Kunsthaut,Phantom,T1-VIBE,Epic Ink Liner Glitz Waterproof,Kosmetik,NYX Professional Makeup,Epic Ink Liner Glitz Waterproof,0.0,0.0
3.0 Tesla,Kunsthaut,Phantom,T1-VIBE,Intenze Gen-Z Lining Red Light,Tattoo,Intenze Products INC. (USA),Intenze Gen-Z Lining Red Light,0.0,0.0
3.0 Tesla,Kunsthaut,Phantom,T1-VIBE,KVM_Blue_Sky,Tattoo,k.A.,k.A.,0.0,0.0
3.0 Tesla,Kunsthaut,Phantom,T1-VIBE,KVM_True_Black,Tattoo,k.A.,k.A.,0.0,0.0
3.0 Tesla,Kunsthaut,Phantom,T1-VIBE,Silberglitzer Lidschatten,Kosmetik,Wolfera Cosmetics (Deutschland),Silberglitzer-Lidschatten (Wolfera Palette),0.0,0.0
3.0 Tesla,Kunsthaut,Phantom,T1-VIBE,The Colossal Go Extreme Waterproof Mascara,Kosmetik,Maybelline New York,The Colossal Go Extreme! Volum’ Waterproof Mascara,3.6500999999999997,0.011951150572225348
3.0 Tesla,Kunsthaut,Phantom,T1-VIBE,The Colossal Waterproof Mascara,Kosmetik,Maybelline New York,The Colossal Waterproof Mascara,0.7636,0.0
3.0 Tesla,Kunsthaut,Phantom,T1-VIBE,Waterproof Lipliner Rosy Sand,Kosmetik,Flormar Cosmetics (Türkei),Waterproof Lipliner Rosy Sand,0.0,0.0
3.0 Tesla,Kunsthaut,Phantom,T2-TIRM,103_Orange,PMU,Swiss Color (Schweiz),103 Orange,0.0,0.0
3.0 Tesla,Kunsthaut,Phantom,T2-TIRM,203 Chocolat Brown,PMU,Swiss Color (Schweiz),203 Chocolat Brown,0.0,0.0
3.0 Tesla,Kunsthaut,Phantom,T2-TIRM,304 Deep Black,PMU,Swiss Color (Schweiz),304 Deep Black,0.0,0.0
3.0 Tesla,Kunsthaut,Phantom,T2-TIRM,Blank,Blank,k.A.,k.A.,0.0,0.0
3.0 Tesla,Kunsthaut,Phantom,T2-TIRM,Contour Pencil Eyeliner Waterproof,Kosmetik,Sephora Collection,12H Contour Pencil Eyeliner Waterproof,1.0061333333333335,0.004445597072760158
3.0 Tesla,Kunsthaut,Phantom,T2-TIRM,Dongyun_Tattoo_Ink_green,Tattoo,k.A.,k.A.,0.0,0.0
3.0 Tesla,Kunsthaut,Phantom,T2-TIRM,Dongyun_Tattoo_Ink_red,Tattoo,k.A.,k.A.,0.0,0.0
3.0 Tesla,Kunsthaut,Phantom,T2-TIRM,Dynamic Union Black,Tattoo,Dynamic Color Co. (USA),Dynamic UNB (Union Black),0.0,0.0
3.0 Tesla,Kunsthaut,Phantom,T2-TIRM,Epic Ink Liner Glitz Waterproof,Kosmetik,NYX Professional Makeup,Epic Ink Liner Glitz Waterproof,0.0,0.0
3.0 Tesla,Kunsthaut,Phantom,T2-TIRM,Intenze Gen-Z Lining Red Light,Tattoo,Intenze Products INC. (USA),Intenze Gen-Z Lining Red Light,0.0,0.0
3.0 Tesla,Kunsthaut,Phantom,T2-TIRM,KVM_Blue_Sky,Tattoo,k.A.,k.A.,0.0,0.0
3.0 Tesla,Kunsthaut,Phantom,T2-TIRM,KVM_True_Black,Tattoo,k.A.,k.A.,0.0,0.0
3.0 Tesla,Kunsthaut,Phantom,T2-TIRM,Silberglitzer Lidschatten,Kosmetik,Wolfera Cosmetics (Deutschland),Silberglitzer-Lidschatten (Wolfera Palette),0.0,0.0
3.0 Tesla,Kunsthaut,Phantom,T2-TIRM,The Colossal Go Extreme Waterproof Mascara,Kosmetik,Maybelline New York,The Colossal Go Extreme! Volum’ Waterproof Mascara,4.429333333333333,0.01016136473773809
3.0 Tesla,Kunsthaut,Phantom,T2-TIRM,The Colossal Waterproof Mascara,Kosmetik,Maybelline New York,The Colossal Waterproof Mascara,0.7383000000000001,0.0
3.0 Tesla,Kunsthaut,Phantom,T2-TIRM,Waterproof Lipliner Rosy Sand,Kosmetik,Flormar Cosmetics (Türkei),Waterproof Lipliner Rosy Sand,0.0,0.0
3.0 Tesla,Kunsthaut,Phantom,T2-TSE,103_Orange,PMU,Swiss Color (Schweiz),103 Orange,0.0,0.0
3.0 Tesla,Kunsthaut,Phantom,T2-TSE,203 Chocolat Brown,PMU,Swiss Color (Schweiz),203 Chocolat Brown,0.0,0.0
3.0 Tesla,Kunsthaut,Phantom,T2-TSE,304 Deep Black,PMU,Swiss Color (Schweiz),304 Deep Black,0.0,0.0
3.0 Tesla,Kunsthaut,Phantom,T2-TSE,Blank,Blank,k.A.,k.A.,0.0,0.0
3.0 Tesla,Kunsthaut,Phantom,T2-TSE,Contour Pencil Eyeliner Waterproof,Kosmetik,Sephora Collection,12H Contour Pencil Eyeliner Waterproof,0.8409,0.009477868958790298
3.0 Tesla,Kunsthaut,Phantom,T2-TSE,Dongyun_Tattoo_Ink_green,Tattoo,k.A.,k.A.,0.0,0.0
3.0 Tesla,Kunsthaut,Phantom,T2-TSE,Dongyun_Tattoo_Ink_red,Tattoo,k.A.,k.A.,0.0,0.0
3.0 Tesla,Kunsthaut,Phantom,T2-TSE,Dynamic Union Black,Tattoo,Dynamic Color Co. (USA),Dynamic UNB (Union Black),0.0,0.0
3.0 Tesla,Kunsthaut,Phantom,T2-TSE,Epic Ink Liner Glitz Waterproof,Kosmetik,NYX Professional Makeup,Epic Ink Liner Glitz Waterproof,0.0,0.0
3.0 Tesla,Kunsthaut,Phantom,T2-TSE,Intenze Gen-Z Lining Red Light,Tattoo,Intenze Products INC. (USA),Intenze Gen-Z Lining Red Light,0.0,0.0
3.0 Tesla,Kunsthaut,Phantom,T2-TSE,KVM_Blue_Sky,Tattoo,k.A.,k.A.,0.0,0.0
3.0 Tesla,Kunsthaut,Phantom,T2-TSE,KVM_True_Black,Tattoo,k.A.,k.A.,0.0,0.0
3.0 Tesla,Kunsthaut,Phantom,T2-TSE,Silberglitzer Lidschatten,Kosmetik,Wolfera Cosmetics (Deutschland),Silberglitzer-Lidschatten (Wolfera Palette),0.0,0.0
3.0 Tesla,Kunsthaut,Phantom,T2-TSE,The Colossal Go Extreme Waterproof Mascara,Kosmetik,Maybelline New York,The Colossal Go Extreme! Volum’ Waterproof Mascara,3.892,0.019398969044771598
3.0 Tesla,Kunsthaut,Phantom,T2-TSE,The Colossal Waterproof Mascara,Kosmetik,Maybelline New York,The Colossal Waterproof Mascara,1.4666666666666668,0.005773502691896247
3.0 Tesla,Kunsthaut,Phantom,T2-TSE,Waterproof Lipliner Rosy Sand,Kosmetik,Flormar Cosmetics (Türkei),Waterproof Lipliner Rosy Sand,0.0,0.0
3.0 Tesla,Kunsthaut,Proband,PD-TSE Dixon,103_Orange,PMU,Swiss Color (Schweiz),103 Orange,0.0,0.0
3.0 Tesla,Kunsthaut,Proband,PD-TSE Dixon,203 Chocolat Brown,PMU,Swiss Color (Schweiz),203 Chocolat Brown,0.0,0.0
3.0 Tesla,Kunsthaut,Proband,PD-TSE Dixon,304 Deep Black,PMU,Swiss Color (Schweiz),304 Deep Black,0.0,0.0
3.0 Tesla,Kunsthaut,Proband,PD-TSE Dixon,Blank,Blank,k.A.,k.A.,0.0,0.0
3.0 Tesla,Kunsthaut,Proband,PD-TSE Dixon,Contour Pencil Eyeliner Waterproof,Kosmetik,Sephora Collection,12H Contour Pencil Eyeliner Waterproof,0.5992000000000001,0.0
3.0 Tesla,Kunsthaut,Proband,PD-TSE Dixon,Dongyun_Tattoo_Ink_green,Tattoo,k.A.,k.A.,0.0,0.0
3.0 Tesla,Kunsthaut,Proband,PD-TSE Dixon,Dongyun_Tattoo_Ink_red,Tattoo,k.A.,k.A.,0.0,0.0
3.0 Tesla,Kunsthaut,Proband,PD-TSE Dixon,Dynamic Union Black,Tattoo,Dynamic Color Co. (USA),Dynamic UNB (Union Black),0.0,0.0
3.0 Tesla,Kunsthaut,Proband,PD-TSE Dixon,Epic Ink Liner Glitz Waterproof,Kosmetik,NYX Professional Makeup,Epic Ink Liner Glitz Waterproof,0.0,0.0
3.0 Tesla,Kunsthaut,Proband,PD-TSE Dixon,Intenze Gen-Z Lining Red Light,Tattoo,Intenze Products INC. (USA),Intenze Gen-Z Lining Red Light,0.0,0.0
3.0 Tesla,Kunsthaut,Proband,PD-TSE Dixon,KVM_Blue_Sky,Tattoo,k.A.,k.A.,0.0,0.0
3.0 Tesla,Kunsthaut,Proband,PD-TSE Dixon,KVM_True_Black,Tattoo,k.A.,k.A.,0.0,0.0
3.0 Tesla,Kunsthaut,Proband,PD-TSE Dixon,Silberglitzer Lidschatten,Kosmetik,Wolfera Cosmetics (Deutschland),Silberglitzer-Lidschatten (Wolfera Palette),0.0,0.0
3.0 Tesla,Kunsthaut,Proband,PD-TSE Dixon,The Colossal Go Extreme Waterproof Mascara,Kosmetik,Maybelline New York,The Colossal Go Extreme! Volum’ Waterproof Mascara,2.1384000000000003,0.0
3.0 Tesla,Kunsthaut,Proband,PD-TSE Dixon,The Colossal Waterproof Mascara,Kosmetik,Maybelline New York,The Colossal Waterproof Mascara,0.41140000000000004,0.0
3.0 Tesla,Kunsthaut,Proband,PD-TSE Dixon,Waterproof Lipliner Rosy Sand,Kosmetik,Flormar Cosmetics (Türkei),Waterproof Lipliner Rosy Sand,0.0,0.0
3.0 Tesla,Kunsthaut,Proband,SWI,103_Orange,PMU,Swiss Color (Schweiz),103 Orange,0.0,0.0
3.0 Tesla,Kunsthaut,Proband,SWI,203 Chocolat Brown,PMU,Swiss Color (Schweiz),203 Chocolat Brown,0.0,0.0
3.0 Tesla,Kunsthaut,Proband,SWI,304 Deep Black,PMU,Swiss Color (Schweiz),304 Deep Black,0.0,0.0
3.0 Tesla,Kunsthaut,Proband,SWI,Blank,Blank,k.A.,k.A.,0.0,0.0
3.0 Tesla,Kunsthaut,Proband,SWI,Contour Pencil Eyeliner Waterproof,Kosmetik,Sephora Collection,12H Contour Pencil Eyeliner Waterproof,6.48265,0.022415284963612815
3.0 Tesla,Kunsthaut,Proband,SWI,Dongyun_Tattoo_Ink_green,Tattoo,k.A.,k.A.,0.0,0.0
3.0 Tesla,Kunsthaut,Proband,SWI,Dongyun_Tattoo_Ink_red,Tattoo,k.A.,k.A.,0.0,0.0
3.0 Tesla,Kunsthaut,Proband,SWI,Dynamic Union Black,Tattoo,Dynamic Color Co. (USA),Dynamic UNB (Union Black),0.0,0.0
3.0 Tesla,Kunsthaut,Proband,SWI,Epic Ink Liner Glitz Waterproof,Kosmetik,NYX Professional Makeup,Epic Ink Liner Glitz Waterproof,0.0,0.0
3.0 Tesla,Kunsthaut,Proband,SWI,Intenze Gen-Z Lining Red Light,Tattoo,Intenze Products INC. (USA),Intenze Gen-Z Lining Red Light,0.0,0.0
3.0 Tesla,Kunsthaut,Proband,SWI,KVM_Blue_Sky,Tattoo,k.A.,k.A.,0.0,0.0
3.0 Tesla,Kunsthaut,Proband,SWI,KVM_True_Black,Tattoo,k.A.,k.A.,0.0,0.0
3.0 Tesla,Kunsthaut,Proband,SWI,Silberglitzer Lidschatten,Kosmetik,Wolfera Cosmetics (Deutschland),Silberglitzer-Lidschatten (Wolfera Palette),0.0,0.0
3.0 Tesla,Kunsthaut,Proband,SWI,The Colossal Go Extreme Waterproof Mascara,Kosmetik,Maybelline New York,The Colossal Go Extreme! Volum’ Waterproof Mascara,7.6518,0.0
3.0 Tesla,Kunsthaut,Proband,SWI,The Colossal Waterproof Mascara,Kosmetik,Maybelline New York,The Colossal Waterproof Mascara,2.6548999999999996,0.019657568516986055
3.0 Tesla,Kunsthaut,Proband,SWI,Waterproof Lipliner Rosy Sand,Kosmetik,Flormar Cosmetics (Türkei),Waterproof Lipliner Rosy Sand,0.0,0.0
3.0 Tesla,Kunsthaut,Proband,T1-FLD2,103_Orange,PMU,Swiss Color (Schweiz),103 Orange,0.0,0.0
3.0 Tesla,Kunsthaut,Proband,T1-FLD2,203 Chocolat Brown,PMU,Swiss Color (Schweiz),203 Chocolat Brown,0.0,0.0
3.0 Tesla,Kunsthaut,Proband,T1-FLD2,304 Deep Black,PMU,Swiss Color (Schweiz),304 Deep Black,0.0,0.0
3.0 Tesla,Kunsthaut,Proband,T1-FLD2,Blank,Blank,k.A.,k.A.,0.0,0.0
3.0 Tesla,Kunsthaut,Proband,T1-FLD2,Contour Pencil Eyeliner Waterproof,Kosmetik,Sephora Collection,12H Contour Pencil Eyeliner Waterproof,0.6830999999999999,0.0
3.0 Tesla,Kunsthaut,Proband,T1-FLD2,Dongyun_Tattoo_Ink_green,Tattoo,k.A.,k.A.,0.0,0.0
3.0 Tesla,Kunsthaut,Proband,T1-FLD2,Dongyun_Tattoo_Ink_red,Tattoo,k.A.,k.A.,0.0,0.0
3.0 Tesla,Kunsthaut,Proband,T1-FLD2,Dynamic Union Black,Tattoo,Dynamic Color Co. (USA),Dynamic UNB (Union Black),0.0,0.0
3.0 Tesla,Kunsthaut,Proband,T1-FLD2,Epic Ink Liner Glitz Waterproof,Kosmetik,NYX Professional Makeup,Epic Ink Liner Glitz Waterproof,0.0,0.0
3.0 Tesla,Kunsthaut,Proband,T1-FLD2,Intenze Gen-Z Lining Red Light,Tattoo,Intenze Products INC. (USA),Intenze Gen-Z Lining Red Light,0.0,0.0
3.0 Tesla,Kunsthaut,Proband,T1-FLD2,KVM_Blue_Sky,Tattoo,k.A.,k.A.,0.0,0.0
3.0 Tesla,Kunsthaut,Proband,T1-FLD2,KVM_True_Black,Tattoo,k.A.,k.A.,0.0,0.0
3.0 Tesla,Kunsthaut,Proband,T1-FLD2,Silberglitzer Lidschatten,Kosmetik,Wolfera Cosmetics (Deutschland),Silberglitzer-Lidschatten (Wolfera Palette),0.0,0.0
3.0 Tesla,Kunsthaut,Proband,T1-FLD2,The Colossal Go Extreme Waterproof Mascara,Kosmetik,Maybelline New York,The Colossal Go Extreme! Volum’ Waterproof Mascara,1.3467,0.0
3.0 Tesla,Kunsthaut,Proband,T1-FLD2,The Colossal Waterproof Mascara,Kosmetik,Maybelline New York,The Colossal Waterproof Mascara,0.4536,0.0
3.0 Tesla,Kunsthaut,Proband,T1-FLD2,Waterproof Lipliner Rosy Sand,Kosmetik,Flormar Cosmetics (Türkei),Waterproof Lipliner Rosy Sand,0.0,0.0
3.0 Tesla,Kunsthaut,Proband,T1-TSE,103_Orange,PMU,Swiss Color (Schweiz),103 Orange,0.0,0.0
3.0 Tesla,Kunsthaut,Proband,T1-TSE,203 Chocolat Brown,PMU,Swiss Color (Schweiz),203 Chocolat Brown,0.0,0.0
3.0 Tesla,Kunsthaut,Proband,T1-TSE,304 Deep Black,PMU,Swiss Color (Schweiz),304 Deep Black,0.0,0.0
3.0 Tesla,Kunsthaut,Proband,T1-TSE,Blank,Blank,k.A.,k.A.,0.0,0.0
3.0 Tesla,Kunsthaut,Proband,T1-TSE,Contour Pencil Eyeliner Waterproof,Kosmetik,Sephora Collection,12H Contour Pencil Eyeliner Waterproof,1.2656,0.0
3.0 Tesla,Kunsthaut,Proband,T1-TSE,Dongyun_Tattoo_Ink_green,Tattoo,k.A.,k.A.,0.0,0.0
3.0 Tesla,Kunsthaut,Proband,T1-TSE,Dongyun_Tattoo_Ink_red,Tattoo,k.A.,k.A.,0.0,0.0
3.0 Tesla,Kunsthaut,Proband,T1-TSE,Dynamic Union Black,Tattoo,Dynamic Color Co. (USA),Dynamic UNB (Union Black),0.0,0.0
3.0 Tesla,Kunsthaut,Proband,T1-TSE,Epic Ink Liner Glitz Waterproof,Kosmetik,NYX Professional Makeup,Epic Ink Liner Glitz Waterproof,0.0,0.0
3.0 Tesla,Kunsthaut,Proband,T1-TSE,Intenze Gen-Z Lining Red Light,Tattoo,Intenze Products INC. (USA),Intenze Gen-Z Lining Red Light,0.0,0.0
3.0 Tesla,Kunsthaut,Proband,T1-TSE,KVM_Blue_Sky,Tattoo,k.A.,k.A.,0.0,0.0
3.0 Tesla,Kunsthaut,Proband,T1-TSE,KVM_True_Black,Tattoo,k.A.,k.A.,0.0,0.0
3.0 Tesla,Kunsthaut,Proband,T1-TSE,Silberglitzer Lidschatten,Kosmetik,Wolfera Cosmetics (Deutschland),Silberglitzer-Lidschatten (Wolfera Palette),0.0,0.0
3.0 Tesla,Kunsthaut,Proband,T1-TSE,The Colossal Go Extreme Waterproof Mascara,Kosmetik,Maybelline New York,The Colossal Go Extreme! Volum’ Waterproof Mascara,3.2718,0.0
3.0 Tesla,Kunsthaut,Proband,T1-TSE,The Colossal Waterproof Mascara,Kosmetik,Maybelline New York,The Colossal Waterproof Mascara,0.5312,0.0
3.0 Tesla,Kunsthaut,Proband,T1-TSE,Waterproof Lipliner Rosy Sand,Kosmetik,Flormar Cosmetics (Türkei),Waterproof Lipliner Rosy Sand,0.0,0.0
3.0 Tesla,Kunsthaut,Proband,T1-VIBE,103_Orange,PMU,Swiss Color (Schweiz),103 Orange,0.0,0.0
3.0 Tesla,Kunsthaut,Proband,T1-VIBE,203 Chocolat Brown,PMU,Swiss Color (Schweiz),203 Chocolat Brown,0.0,0.0
3.0 Tesla,Kunsthaut,Proband,T1-VIBE,304 Deep Black,PMU,Swiss Color (Schweiz),304 Deep Black,0.0,0.0
3.0 Tesla,Kunsthaut,Proband,T1-VIBE,Blank,Blank,k.A.,k.A.,0.0,0.0
3.0 Tesla,Kunsthaut,Proband,T1-VIBE,Contour Pencil Eyeliner Waterproof,Kosmetik,Sephora Collection,12H Contour Pencil Eyeliner Waterproof,1.1716,0.0
3.0 Tesla,Kunsthaut,Proband,T1-VIBE,Dongyun_Tattoo_Ink_green,Tattoo,k.A.,k.A.,0.0,0.0
3.0 Tesla,Kunsthaut,Proband,T1-VIBE,Dongyun_Tattoo_Ink_red,Tattoo,k.A.,k.A.,0.0,0.0
3.0 Tesla,Kunsthaut,Proband,T1-VIBE,Dynamic Union Black,Tattoo,Dynamic Color Co. (USA),Dynamic UNB (Union Black),0.0,0.0
3.0 Tesla,Kunsthaut,Proband,T1-VIBE,Epic Ink Liner Glitz Waterproof,Kosmetik,NYX Professional Makeup,Epic Ink Liner Glitz Waterproof,0.0,0.0
3.0 Tesla,Kunsthaut,Proband,T1-VIBE,Intenze Gen-Z Lining Red Light,Tattoo,Intenze Products INC. (USA),Intenze Gen-Z Lining Red Light,0.0,0.0
3.0 Tesla,Kunsthaut,Proband,T1-VIBE,KVM_Blue_Sky,Tattoo,k.A.,k.A.,0.0,0.0
3.0 Tesla,Kunsthaut,Proband,T1-VIBE,KVM_True_Black,Tattoo,k.A.,k.A.,0.0,0.0
3.0 Tesla,Kunsthaut,Proband,T1-VIBE,Silberglitzer Lidschatten,Kosmetik,Wolfera Cosmetics (Deutschland),Silberglitzer-Lidschatten (Wolfera Palette),0.0,0.0
3.0 Tesla,Kunsthaut,Proband,T1-VIBE,The Colossal Go Extreme Waterproof Mascara,Kosmetik,Maybelline New York,The Colossal Go Extreme! Volum’ Waterproof Mascara,3.2600499999999997,0.007990306627408206
3.0 Tesla,Kunsthaut,Proband,T1-VIBE,The Colossal Waterproof Mascara,Kosmetik,Maybelline New York,The Colossal Waterproof Mascara,1.1875499999999999,0.0044547727214752295
3.0 Tesla,Kunsthaut,Proband,T1-VIBE,Waterproof Lipliner Rosy Sand,Kosmetik,Flormar Cosmetics (Türkei),Waterproof Lipliner Rosy Sand,0.0,0.0
3.0 Tesla,Kunsthaut,Proband,T2-TIRM,103_Orange,PMU,Swiss Color (Schweiz),103 Orange,0.0,0.0
3.0 Tesla,Kunsthaut,Proband,T2-TIRM,203 Chocolat Brown,PMU,Swiss Color (Schweiz),203 Chocolat Brown,0.0,0.0
3.0 Tesla,Kunsthaut,Proband,T2-TIRM,304 Deep Black,PMU,Swiss Color (Schweiz),304 Deep Black,0.0,0.0
3.0 Tesla,Kunsthaut,Proband,T2-TIRM,Blank,Blank,k.A.,k.A.,0.0,0.0
3.0 Tesla,Kunsthaut,Proband,T2-TIRM,Contour Pencil Eyeliner Waterproof,Kosmetik,Sephora Collection,12H Contour Pencil Eyeliner Waterproof,0.9038999999999999,0.0
3.0 Tesla,Kunsthaut,Proband,T2-TIRM,Dongyun_Tattoo_Ink_green,Tattoo,k.A.,k.A.,0.0,0.0
3.0 Tesla,Kunsthaut,Proband,T2-TIRM,Dongyun_Tattoo_Ink_red,Tattoo,k.A.,k.A.,0.0,0.0
3.0 Tesla,Kunsthaut,Proband,T2-TIRM,Dynamic Union Black,Tattoo,Dynamic Color Co. (USA),Dynamic UNB (Union Black),0.0,0.0
3.0 Tesla,Kunsthaut,Proband,T2-TIRM,Epic Ink Liner Glitz Waterproof,Kosmetik,NYX Professional Makeup,Epic Ink Liner Glitz Waterproof,0.0,0.0
3.0 Tesla,Kunsthaut,Proband,T2-TIRM,Intenze Gen-Z Lining Red Light,Tattoo,Intenze Products INC. (USA),Intenze Gen-Z Lining Red Light,0.0,0.0
3.0 Tesla,Kunsthaut,Proband,T2-TIRM,KVM_Blue_Sky,Tattoo,k.A.,k.A.,0.0,0.0
3.0 Tesla,Kunsthaut,Proband,T2-TIRM,KVM_True_Black,Tattoo,k.A.,k.A.,0.0,0.0
3.0 Tesla,Kunsthaut,Proband,T2-TIRM,Silberglitzer Lidschatten,Kosmetik,Wolfera Cosmetics (Deutschland),Silberglitzer-Lidschatten (Wolfera Palette),0.0,0.0
3.0 Tesla,Kunsthaut,Proband,T2-TIRM,The Colossal Go Extreme Waterproof Mascara,Kosmetik,Maybelline New York,The Colossal Go Extreme! Volum’ Waterproof Mascara,1.33575,0.0045961940777126025
3.0 Tesla,Kunsthaut,Proband,T2-TIRM,The Colossal Waterproof Mascara,Kosmetik,Maybelline New York,The Colossal Waterproof Mascara,0.483,0.009899494936611655
3.0 Tesla,Kunsthaut,Proband,T2-TIRM,Waterproof Lipliner Rosy Sand,Kosmetik,Flormar Cosmetics (Türkei),Waterproof Lipliner Rosy Sand,0.0,0.0
3.0 Tesla,Kunsthaut,Proband,T2-TSE,103_Orange,PMU,Swiss Color (Schweiz),103 Orange,0.0,0.0
3.0 Tesla,Kunsthaut,Proband,T2-TSE,203 Chocolat Brown,PMU,Swiss Color (Schweiz),203 Chocolat Brown,0.0,0.0
3.0 Tesla,Kunsthaut,Proband,T2-TSE,304 Deep Black,PMU,Swiss Color (Schweiz),304 Deep Black,0.0,0.0
3.0 Tesla,Kunsthaut,Proband,T2-TSE,Blank,Blank,k.A.,k.A.,0.0,0.0
3.0 Tesla,Kunsthaut,Proband,T2-TSE,Contour Pencil Eyeliner Waterproof,Kosmetik,Sephora Collection,12H Contour Pencil Eyeliner Waterproof,0.5277999999999999,0.0
3.0 Tesla,Kunsthaut,Proband,T2-TSE,Dongyun_Tattoo_Ink_green,Tattoo,k.A.,k.A.,0.0,0.0
3.0 Tesla,Kunsthaut,Proband,T2-TSE,Dongyun_Tattoo_Ink_red,Tattoo,k.A.,k.A.,0.0,0.0
3.0 Tesla,Kunsthaut,Proband,T2-TSE,Dynamic Union Black,Tattoo,Dynamic Color Co. (USA),Dynamic UNB (Union Black),0.0,0.0
3.0 Tesla,Kunsthaut,Proband,T2-TSE,Epic Ink Liner Glitz Waterproof,Kosmetik,NYX Professional Makeup,Epic Ink Liner Glitz Waterproof,0.0,0.0
3.0 Tesla,Kunsthaut,Proband,T2-TSE,Intenze Gen-Z Lining Red Light,Tattoo,Intenze Products INC. (USA),Intenze Gen-Z Lining Red Light,0.0,0.0
3.0 Tesla,Kunsthaut,Proband,T2-TSE,KVM_Blue_Sky,Tattoo,k.A.,k.A.,0.0,0.0
3.0 Tesla,Kunsthaut,Proband,T2-TSE,KVM_True_Black,Tattoo,k.A.,k.A.,0.0,0.0
3.0 Tesla,Kunsthaut,Proband,T2-TSE,Silberglitzer Lidschatten,Kosmetik,Wolfera Cosmetics (Deutschland),Silberglitzer-Lidschatten (Wolfera Palette),0.0,0.0
3.0 Tesla,Kunsthaut,Proband,T2-TSE,The Colossal Go Extreme Waterproof Mascara,Kosmetik,Maybelline New York,The Colossal Go Extreme! Volum’ Waterproof Mascara,1.0444,0.003959797974644622
3.0 Tesla,Kunsthaut,Proband,T2-TSE,The Colossal Waterproof Mascara,Kosmetik,Maybelline New York,The Colossal Waterproof Mascara,0.42140000000000005,0.0019798989873223505
3.0 Tesla,Kunsthaut,Proband,T2-TSE,Waterproof Lipliner Rosy Sand,Kosmetik,Flormar Cosmetics (Türkei),Waterproof Lipliner Rosy Sand,0.0,0.0
3.0 Tesla,Wimpern,Phantom,PD-TSE Dixon,The Colossal Go Extreme Waterproof Mascara,Kosmetik,Maybelline New York,The Colossal Go Extreme! Volum’ Waterproof Mascara,1.3222666666666665,0.005427092530382494
3.0 Tesla,Wimpern,Phantom,PD-TSE Dixon,The Colossal Waterproof Mascara,Kosmetik,Maybelline New York,The Colossal Waterproof Mascara,1.881,0.0
3.0 Tesla,Wimpern,Phantom,SWI,The Colossal Go Extreme Waterproof Mascara,Kosmetik,Maybelline New York,The Colossal Go Extreme! Volum’ Waterproof Mascara,9.006,0.0
3.0 Tesla,Wimpern,Phantom,SWI,The Colossal Waterproof Mascara,Kosmetik,Maybelline New York,The Colossal Waterproof Mascara,7.289600000000001,0.0
3.0 Tesla,Wimpern,Phantom,T1-FLD2,The Colossal Go Extreme Waterproof Mascara,Kosmetik,Maybelline New York,The Colossal Go Extreme! Volum’ Waterproof Mascara,1.2445,0.0
3.0 Tesla,Wimpern,Phantom,T1-FLD2,The Colossal Waterproof Mascara,Kosmetik,Maybelline New York,The Colossal Waterproof Mascara,2.8120999999999996,0.010565509926170141
3.0 Tesla,Wimpern,Phantom,T1-TSE,The Colossal Go Extreme Waterproof Mascara,Kosmetik,Maybelline New York,The Colossal Go Extreme! Volum’ Waterproof Mascara,1.4224333333333332,0.008025168741735795
3.0 Tesla,Wimpern,Phantom,T1-TSE,The Colossal Waterproof Mascara,Kosmetik,Maybelline New York,The Colossal Waterproof Mascara,1.7982000000000002,0.0
3.0 Tesla,Wimpern,Phantom,T1-VIBE,The Colossal Go Extreme Waterproof Mascara,Kosmetik,Maybelline New York,The Colossal Go Extreme! Volum’ Waterproof Mascara,2.4957333333333334,0.01102739014152179
3.0 Tesla,Wimpern,Phantom,T1-VIBE,The Colossal Waterproof Mascara,Kosmetik,Maybelline New York,The Colossal Waterproof Mascara,2.0789999999999997,0.0
3.0 Tesla,Wimpern,Phantom,T2-TIRM,The Colossal Go Extreme Waterproof Mascara,Kosmetik,Maybelline New York,The Colossal Go Extreme! Volum’ Waterproof Mascara,1.3681333333333334,0.00715914333795134
3.0 Tesla,Wimpern,Phantom,T2-TIRM,The Colossal Waterproof Mascara,Kosmetik,Maybelline New York,The Colossal Waterproof Mascara,2.5638666666666663,0.01893708882941972
3.0 Tesla,Wimpern,Phantom,T2-TSE,The Colossal Go Extreme Waterproof Mascara,Kosmetik,Maybelline New York,The Colossal Go Extreme! Volum’ Waterproof Mascara,1.9329,0.008833459118601296
3.0 Tesla,Wimpern,Phantom,T2-TSE,The Colossal Waterproof Mascara,Kosmetik,Maybelline New York,The Colossal Waterproof Mascara,2.52,0.01091192008768388
3.0 Tesla,Wimpern,Proband,PD-TSE Dixon,The Colossal Go Extreme Waterproof Mascara,Kosmetik,Maybelline New York,The Colossal Go Extreme! Volum’ Waterproof Mascara,0.40590000000000004,0.0
3.0 Tesla,Wimpern,Proband,PD-TSE Dixon,The Colossal Waterproof Mascara,Kosmetik,Maybelline New York,The Colossal Waterproof Mascara,0.1617,0.0015556349186104002
3.0 Tesla,Wimpern,Proband,SWI,The Colossal Go Extreme Waterproof Mascara,Kosmetik,Maybelline New York,The Colossal Go Extreme! Volum’ Waterproof Mascara,3.503,0.008768124086713323
3.0 Tesla,Wimpern,Proband,SWI,The Colossal Waterproof Mascara,Kosmetik,Maybelline New York,The Colossal Waterproof Mascara,2.7885999999999997,0.020647518010647268
3.0 Tesla,Wimpern,Proband,T1-FLD2,The Colossal Go Extreme Waterproof Mascara,Kosmetik,Maybelline New York,The Colossal Go Extreme! Volum’ Waterproof Mascara,0.37845,0.0020506096654409976
3.0 Tesla,Wimpern,Proband,T1-FLD2,The Colossal Waterproof Mascara,Kosmetik,Maybelline New York,The Colossal Waterproof Mascara,0.1909,0.0
3.0 Tesla,Wimpern,Proband,T1-TSE,The Colossal Go Extreme Waterproof Mascara,Kosmetik,Maybelline New York,The Colossal Go Extreme! Volum’ Waterproof Mascara,2.64255,0.015768481220460158
3.0 Tesla,Wimpern,Proband,T1-TSE,The Colossal Waterproof Mascara,Kosmetik,Maybelline New York,The Colossal Waterproof Mascara,2.49,0.014142135623730807
3.0 Tesla,Wimpern,Proband,T1-VIBE,The Colossal Go Extreme Waterproof Mascara,Kosmetik,Maybelline New York,The Colossal Go Extreme! Volum’ Waterproof Mascara,2.3856,0.0
3.0 Tesla,Wimpern,Proband,T1-VIBE,The Colossal Waterproof Mascara,Kosmetik,Maybelline New York,The Colossal Waterproof Mascara,2.4974499999999997,0.01407142494561263
3.0 Tesla,Wimpern,Proband,T2-TIRM,The Colossal Go Extreme Waterproof Mascara,Kosmetik,Maybelline New York,The Colossal Go Extreme! Volum’ Waterproof Mascara,0.7603500000000001,0.009687362902255615
3.0 Tesla,Wimpern,Proband,T2-TIRM,The Colossal Waterproof Mascara,Kosmetik,Maybelline New York,The Colossal Waterproof Mascara,0.213,0.0
3.0 Tesla,Wimpern,Proband,T2-TSE,The Colossal Go Extreme Waterproof Mascara,Kosmetik,Maybelline New York,The Colossal Go Extreme! Volum’ Waterproof Mascara,0.1403,0.0
3.0 Tesla,Wimpern,Proband,T2-TSE,The Colossal Waterproof Mascara,Kosmetik,Maybelline New York,The Colossal Waterproof Mascara,0.1953,0.0
